id,title,narration,link,image
1,VP Marketing,"Nam ultrices, libero non mattis pulvinar, nulla pede ullamcorper augue, a suscipit nulla elit ac nulla. Sed vel enim sit amet nunc viverra dapibus. Nulla suscipit ligula in lacus.",https://nbcnews.com,http://dummyimage.com/x.png/dddddd/000000
2,Programmer Analyst III,"Lorem ipsum dolor sit amet, consectetuer adipiscing elit. Proin risus. Praesent lectus.",https://dion.ne.jp,http://dummyimage.com/x.png/ff4444/ffffff
3,Paralegal,"Quisque porta volutpat erat. Quisque erat eros, viverra eget, congue eget, semper rutrum, nulla. Nunc purus.",https://newyorker.com,http://dummyimage.com/x.png/dddddd/000000
4,Chemical Engineer,"Lorem ipsum dolor sit amet, consectetuer adipiscing elit. Proin risus. Praesent lectus.",http://amazon.com,http://dummyimage.com/x.png/5fa2dd/ffffff
5,Mechanical Systems Engineer,"In sagittis dui vel nisl. Duis ac nibh. Fusce lacus purus, aliquet at, feugiat non, pretium quis, lectus.",https://cpanel.net,http://dummyimage.com/x.png/5fa2dd/ffffff
6,Nurse Practicioner,"Morbi non lectus. Aliquam sit amet diam in magna bibendum imperdiet. Nullam orci pede, venenatis non, sodales sed, tincidunt eu, felis.",https://dagondesign.com,http://dummyimage.com/x.png/5fa2dd/ffffff
7,Account Representative IV,"Vestibulum ac est lacinia nisi venenatis tristique. Fusce congue, diam id ornare imperdiet, sapien urna pretium nisl, ut volutpat sapien arcu sed augue. Aliquam erat volutpat.",http://samsung.com,http://dummyimage.com/x.png/cc0000/ffffff
8,Software Test Engineer IV,"Maecenas leo odio, condimentum id, luctus nec, molestie sed, justo. Pellentesque viverra pede ac diam. Cras pellentesque volutpat dui.",https://xing.com,http://dummyimage.com/x.png/cc0000/ffffff
9,Geologist IV,Fusce consequat. Nulla nisl. Nunc nisl.,http://twitpic.com,http://dummyimage.com/x.png/ff4444/ffffff
10,Desktop Support Technician,"Proin eu mi. Nulla ac enim. In tempor, turpis nec euismod scelerisque, quam turpis adipiscing lorem, vitae mattis nibh ligula nec sem.",http://icq.com,http://dummyimage.com/x.png/ff4444/ffffff
11,Community Outreach Specialist,"Vestibulum quam sapien, varius ut, blandit non, interdum in, ante. Vestibulum ante ipsum primis in faucibus orci luctus et ultrices posuere cubilia Curae; Duis faucibus accumsan odio. Curabitur convallis.",https://networksolutions.com,http://dummyimage.com/x.png/5fa2dd/ffffff
12,Environmental Tech,Aliquam quis turpis eget elit sodales scelerisque. Mauris sit amet eros. Suspendisse accumsan tortor quis turpis.,http://jimdo.com,http://dummyimage.com/x.png/cc0000/ffffff
13,Environmental Tech,"Vestibulum quam sapien, varius ut, blandit non, interdum in, ante. Vestibulum ante ipsum primis in faucibus orci luctus et ultrices posuere cubilia Curae; Duis faucibus accumsan odio. Curabitur convallis.",https://washingtonpost.com,http://dummyimage.com/x.png/cc0000/ffffff
14,Project Manager,"Maecenas leo odio, condimentum id, luctus nec, molestie sed, justo. Pellentesque viverra pede ac diam. Cras pellentesque volutpat dui.",http://bloglines.com,http://dummyimage.com/x.png/ff4444/ffffff
15,Community Outreach Specialist,"Praesent blandit. Nam nulla. Integer pede justo, lacinia eget, tincidunt eget, tempus vel, pede.",http://hp.com,http://dummyimage.com/x.png/ff4444/ffffff
16,Associate Professor,Phasellus sit amet erat. Nulla tempus. Vivamus in felis eu sapien cursus vestibulum.,http://de.vu,http://dummyimage.com/x.png/cc0000/ffffff
17,Junior Executive,Maecenas ut massa quis augue luctus tincidunt. Nulla mollis molestie lorem. Quisque ut erat.,https://over-blog.com,http://dummyimage.com/x.png/cc0000/ffffff
18,Accounting Assistant II,"In sagittis dui vel nisl. Duis ac nibh. Fusce lacus purus, aliquet at, feugiat non, pretium quis, lectus.",http://mit.edu,http://dummyimage.com/x.png/dddddd/000000
19,VP Marketing,In congue. Etiam justo. Etiam pretium iaculis justo.,https://usgs.gov,http://dummyimage.com/x.png/cc0000/ffffff
20,Research Associate,"In hac habitasse platea dictumst. Morbi vestibulum, velit id pretium iaculis, diam erat fermentum justo, nec condimentum neque sapien placerat ante. Nulla justo.",https://adobe.com,http://dummyimage.com/x.png/ff4444/ffffff
